,Brand,Model,Price,BrandMdlID
125,Daewoo,Lanos,900.0,1
153,Ford,Festiva,2500.0,2
113,Chrysler,Sebring,2822.5,3
385,Mazda,323,3925.0,4
611,Skoda,Roomster,3999.0,5
48,BMW,320CI,3999.0,6
693,Volvo,S40,4990.0,7
157,Ford,Laser,4990.0,8
604,Saab,3-Sep,5400.0,9
536,Mitsubishi,380,5744.666666666667,10
496,Mercedes-Benz,MB100,5947.0,11
614,Smart,Fortwo,5985.0,12
382,Mazda,121,5990.0,13
218,Holden,Vectra,5990.0,14
642,Suzuki,XL-7,5990.0,15
450,Mercedes-Benz,E240,5999.0,16
542,Mitsubishi,Magna,6474.0,17
47,BMW,318I,6489.0,18
207,Holden,Epica,6943.5,19
248,Hyundai,Trajet,6990.0,20
416,Mercedes-Benz,A190,6990.0,21
599,Renault,Laguna,6990.0,22
629,Suzuki,APV,6999.0,23
651,Toyota,Celica,6999.0,24
414,Mercedes-Benz,A170,6999.0,25
574,Peugeot,307,6999.0,26
405,Mazda,Tribute,7135.6,27
233,Hyundai,Getz,7399.777777777777,28
399,Mazda,MPV,7486.75,29
67,BMW,525I,7499.0,30
144,Ford,Courier,7574.0,31
654,Toyota,Echo,7705.571428571428,32
577,Peugeot,407,7744.5,33
247,Hyundai,Terracan,7756.0,34
323,Lexus,ES300,7888.0,35
647,Toyota,Avalon,7894.5,36
112,Chrysler,PT,7985.0,37
591,Proton,S16,7990.0,38
151,Ford,Fairmont,7995.0,39
219,Holden,Viva,7995.0,40
105,Chery,J11,7999.0,41
509,Mercedes-Benz,S430,7999.0,42
305,Kia,Spectra,7999.0,43
296,Kia,K2700,7999.0,44
565,Nissan,Tiida,8422.875,45
547,Mitsubishi,Verada,8990.0,46
142,Fiat,Punto,8990.0,47
387,Mazda,B2500,8990.0,48
141,Fiat,Panda,8990.0,49
111,Chrysler,Grand,8999.0,50
571,Peugeot,207,9095.5,51
195,Holden,Adventra,9242.25,52
638,Suzuki,SX4,9397.42857142857,53
648,Toyota,Avensis,9467.0,54
118,Citroen,DS3,9777.0,55
558,Nissan,Micra,9839.8,56
33,BMW,120D,9900.0,57
696,Volvo,V50,9990.0,58
150,Ford,Fairlane,9994.5,59
115,Citroen,C3,9999.0,60
213,Holden,Rodeo,10220.260869565218,61
557,Nissan,Maxima,10224.09090909091,62
203,Holden,Combo,10244.5,63
206,Holden,Cruze,10367.0,64
398,Mazda,E2000,10494.5,65
197,Holden,Barina,10528.086206896553,66
630,Suzuki,Alto,10791.4,67
154,Ford,Fiesta,10796.477272727272,68
119,Citroen,DS4,10990.0,69
210,Holden,Jackaroo,10990.0,70
499,Mercedes-Benz,ML320,10992.0,71
563,Nissan,Pulsar,11294.96875,72
646,Toyota,Aurion,11340.52380952381,73
394,Mazda,CX-7,11491.538461538461,74
285,Jeep,Commander,11659.666666666666,75
553,Nissan,Dualis,11734.222222222223,76
568,Opel,Astra,11898.0,77
636,Suzuki,Kizashi,11956.0,78
237,Hyundai,I45,11973.57142857143,79
559,Nissan,Murano,12248.857142857143,80
691,Volvo,C30,12266.666666666666,81
422,Mercedes-Benz,B180,12326.333333333334,82
681,Volkswagen,Jetta,12421.0,83
295,Kia,Grand,12680.235294117647,84
205,Holden,Crewman,12743.875,85
211,Holden,Malibu,12744.5,86
441,Mercedes-Benz,CLK320,12819.75,87
543,Mitsubishi,Mirage,12827.615384615385,88
158,Ford,Maverick,12900.0,89
365,MG,3,12990.0,90
551,Nissan,Almera,12990.0,91
700,Volvo,XC70,12990.0,92
569,Opel,Corsa,12995.0,93
177,Great,Wall,13059.6875,94
214,Holden,Statesman,13326.0,95
679,Volkswagen,EOS,13377.8,96
127,Dodge,Nitro,13490.0,97
375,Mahindra,XUV500,13490.0,98
619,Ssangyong,Stavic,13494.5,99
126,Dodge,Journey,13545.5,100
137,Fiat,500,13597.142857142857,101
51,BMW,323I,13656.666666666666,102
615,Ssangyong,Actyon,13661.333333333334,103
355,Lexus,RX330,13866.0,104
632,Suzuki,Celerio,13880.0,105
200,Holden,Captiva,13947.884057971014,106
278,Jaguar,X,13956.0,107
54,BMW,330CI,13990.0,108
428,Mercedes-Benz,C230,13999.0,109
227,Honda,Jazz,14301.342857142858,110
230,Hyundai,Accent,14386.016393442624,111
388,Mazda,B4000,14499.0,112
163,Ford,Territory,14516.443396226416,113
439,Mercedes-Benz,CLC200,14557.833333333334,114
196,Holden,Astra,14606.791666666666,115
140,Fiat,Freemont,14689.142857142857,116
289,Jeep,Patriot,14831.7,117
145,Ford,Ecosport,14876.272727272728,118
572,Peugeot,208,14876.666666666666,119
465,Mercedes-Benz,GL320,14988.0,120
367,MG,F,14990.0,121
581,Peugeot,RCZ,14999.0,122
507,Mercedes-Benz,R320,14999.0,123
541,Mitsubishi,Lancer,15050.077777777778,124
633,Suzuki,Grand,15213.5,125
626,Subaru,Tribeca,15274.0,126
425,Mercedes-Benz,C180,15374.0,127
552,Nissan,Altima,15614.666666666666,128
238,Hyundai,IX35,15622.22033898305,129
300,Kia,RIO,15970.287878787878,130
502,Mercedes-Benz,ML500,15997.0,131
366,MG,6,16138.333333333334,132
220,Honda,Accord,16164.742857142857,133
222,Honda,CR-Z,16220.0,134
231,Hyundai,Elantra,16288.780487804877,135
30,BMW,116I,16298.0,136
576,Peugeot,4008,16326.333333333334,137
575,Peugeot,308,16439.944444444445,138
383,Mazda,2,16461.894736842107,139
139,Fiat,Doblo,16494.5,140
301,Kia,Rondo,16571.5,141
159,Ford,Mondeo,16795.11111111111,142
236,Hyundai,I40,16869.30769230769,143
697,Volvo,V60,16880.0,144
643,Tata,Xenon,16990.0,145
404,Mazda,RX-8,16995.0,146
55,BMW,330D,16999.0,147
37,BMW,135I,17109.5,148
49,BMW,320D,17137.81818181818,149
156,Ford,Kuga,17143.833333333332,150
216,Holden,Trax,17233.204545454544,151
152,Ford,Falcon,17420.78846153846,152
143,Fiat,Scudo,17494.5,153
234,Hyundai,I20,17634.0,154
223,Honda,City,17732.25,155
595,Renault,Clio,17836.666666666668,156
605,Skoda,Fabia,17859.0,157
298,Kia,Optima,17871.9,158
116,Citroen,C4,17880.0,159
506,Mercedes-Benz,R300,17990.0,160
46,BMW,316I,17999.0,161
138,Fiat,500X,17999.0,162
155,Ford,Focus,18472.279069767443,163
304,Kia,Soul,18489.0,164
424,Mercedes-Benz,B250,18490.0,165
695,Volvo,V40,18548.0,166
369,MG,MG3,18876.436363636363,167
674,Volkswagen,CC,18990.0,168
169,GWM,Steed,18990.0,169
440,Mercedes-Benz,CLK280,18999.0,170
423,Mercedes-Benz,B200,19120.571428571428,171
330,Lexus,IS250,19144.166666666668,172
251,Hyundai,Veloster,19159.324324324323,173
624,Subaru,Liberty,19161.188679245282,174
299,Kia,Picanto,19422.93023255814,175
52,BMW,325I,19490.0,176
684,Volkswagen,Polo,19526.260869565216,177
538,Mitsubishi,Challenger,19575.3,178
114,Citroen,Berlingo,19790.8,179
384,Mazda,3,19798.473451327434,180
120,Citroen,Grand,19990.0,181
579,Peugeot,508,19990.0,182
411,Mercedes-Benz,190,19990.0,183
35,BMW,125I,19994.25,184
281,Jaguar,XJ8,19999.0,185
631,Suzuki,Baleno,20029.703703703704,186
31,BMW,118D,20133.4,187
201,Holden,Cascada,20321.25,188
166,Foton,Tunland,20494.5,189
673,Volkswagen,Beetle,20622.0,190
290,Jeep,Renegade,20655.0,191
445,Mercedes-Benz,CLS350,20990.0,192
640,Suzuki,Swift,21124.5625,193
284,Jeep,Cherokee,21346.941176470587,194
500,Mercedes-Benz,ML350,21414.636363636364,195
386,Mazda,6,21942.98888888889,196
523,Mercedes-Benz,Viano,21990.0,197
73,BMW,740LI,21990.0,198
188,Haval,H6,21990.0,199
498,Mercedes-Benz,ML300,21999.0,200
670,Toyota,Yaris,22178.266666666666,201
204,Holden,Commodore,22201.204946996466,202
597,Renault,Kangoo,22403.25,203
622,Subaru,Impreza,22410.56818181818,204
199,Holden,Caprice,22496.272727272728,205
189,Haval,H8,22733.0,206
549,Nissan,350Z,22990.0,207
534,Mini,Coupe,22990.0,208
331,Lexus,IS250C,22999.0,209
634,Suzuki,Ignis,23027.571428571428,210
110,Chrysler,300C,23046.25,211
187,Haval,H2,23240.0,212
669,Toyota,Tarago,23339.379310344826,213
254,Infiniti,Q50,23490.0,214
240,Hyundai,Imax,23625.130434782608,215
39,BMW,218D,23648.5,216
610,Skoda,Rapid,23656.666666666668,217
293,Kia,Cerato,23768.982832618025,218
232,Hyundai,Genesis,23815.333333333332,219
228,Honda,Odyssey,23856.8,220
235,Hyundai,I30,24219.14285714286,221
537,Mitsubishi,ASX,24241.62424242424,222
532,Mini,Cooper,24281.36,223
1,Alfa,Romeo,24295.85714285714,224
208,Holden,Equinox,24475.466666666667,225
555,Nissan,Juke,24731.708333333332,226
570,Peugeot,2008,24890.666666666668,227
442,Mercedes-Benz,CLK500,24990.0,228
412,Mercedes-Benz,420,24990.0,229
340,Lexus,LX470,24999.0,230
497,Mercedes-Benz,ML250,25128.6,231
3,Audi,A1,25275.964285714286,232
621,Subaru,Forester,25418.42948717949,233
402,Mazda,Mazda2,25890.0,234
628,Subaru,XV,25935.543209876545,235
57,BMW,335I,25970.0,236
518,Mercedes-Benz,SLK350,25990.0,237
455,Mercedes-Benz,E500,25990.0,238
596,Renault,Kadjar,25996.0,239
616,Ssangyong,Korando,26027.222222222223,240
239,Hyundai,Iload,26172.813559322032,241
224,Honda,Civic,26179.164556962027,242
653,Toyota,Corolla,26215.883950617284,243
566,Nissan,X-Trail,26244.911877394636,244
245,Hyundai,Sonata,26279.25,245
308,Kia,Stonic,26560.739130434784,246
43,BMW,225I,26646.333333333332,247
353,Lexus,RX270,26657.333333333332,248
524,Mercedes-Benz,Vito,26671.38888888889,249
451,Mercedes-Benz,E250,26797.333333333332,250
225,Honda,HR-V,26805.09756097561,251
639,Suzuki,Sierra,26888.0,252
226,Honda,Integra,26939.5,253
390,Mazda,CX-3,26973.475,254
666,Toyota,Prius-C,26990.0,255
321,Lexus,CT200H,27140.4,256
641,Suzuki,Vitara,27221.423076923078,257
306,Kia,Sportage,27331.99342105263,258
252,Hyundai,Venue,27363.736842105263,259
312,LDV,G10,27382.652173913044,260
59,BMW,420D,27500.0,261
53,BMW,328I,27536.0,262
198,Holden,Calais,27809.43396226415,263
665,Toyota,Prius,27962.583333333332,264
427,Mercedes-Benz,C220,27966.75,265
514,Mercedes-Benz,SL350,27980.0,266
470,Mercedes-Benz,GLA200,28050.0,267
540,Mitsubishi,Express,28058.875,268
44,BMW,228I,28435.0,269
544,Mitsubishi,Outlander,28542.780701754386,270
661,Toyota,Hiace,28641.354838709678,271
41,BMW,220D,28800.0,272
560,Nissan,Navara,28837.947368421053,273
76,BMW,I3,28888.0,274
675,Volkswagen,Caddy,28900.305555555555,275
221,Honda,CR-V,29019.234234234234,276
280,Jaguar,XF,29078.285714285714,277
680,Volkswagen,Golf,29240.340425531915,278
645,Toyota,86,29307.304347826088,279
625,Subaru,Outback,29399.438095238096,280
370,MG,ZS,29613.0,281
564,Nissan,Qashqai,29662.2,282
401,Mazda,MX-5,29739.5,283
685,Volkswagen,Scirocco,29740.0,284
650,Toyota,Camry,29897.975609756097,285
202,Holden,Colorado,30169.384615384617,286
316,LDV,V80,30340.125,287
446,Mercedes-Benz,CLS500,30450.0,288
372,MG,ZST,30515.147058823528,289
250,Hyundai,Tucson,30559.00518134715,290
147,Ford,Escape,30754.025,291
4,Audi,A3,30887.84745762712,292
561,Nissan,Pathfinder,31291.328767123287,293
242,Hyundai,Kona,31291.4128440367,294
161,Ford,Puma,31310.44,295
65,BMW,520D,31494.5,296
91,BMW,X1,31748.694444444445,297
529,Mini,Cabrio,31990.0,298
535,Mini,Paceman,31990.0,299
178,HSV,Avalanche,31995.0,300
601,Renault,Megane,32364.791666666668,301
429,Mercedes-Benz,C250,32432.066666666666,302
620,Subaru,BRZ,32618.75,303
546,Mitsubishi,Triton,32661.950166112958,304
466,Mercedes-Benz,GL500,32900.0,305
400,Mazda,MX-30,32976.666666666664,306
598,Renault,Koleos,33074.02985074627,307
32,BMW,118I,33144.35294117647,308
539,Mitsubishi,Eclipse,33182.901960784315,309
313,LDV,G10+,33304.666666666664,310
403,Mazda,Mazda3,33307.5,311
392,Mazda,CX-5,33482.318181818184,312
50,BMW,320I,33564.63636363636,313
61,BMW,428I,33665.666666666664,314
623,Subaru,Levorg,33829.5,315
683,Volkswagen,Passat,33850.7,316
602,Renault,Trafic,33905.76470588235,317
344,Lexus,NX200T,33906.857142857145,318
471,Mercedes-Benz,GLA220,33985.0,319
9,Audi,A8,33990.0,320
34,BMW,120I,33990.0,321
426,Mercedes-Benz,C200,34052.62,322
368,MG,HS,34121.51754385965,323
612,Skoda,Scala,34190.0,324
303,Kia,Sorento,34576.16470588235,325
244,Hyundai,Santa,34629.589147286824,326
435,Mercedes-Benz,CLA200,34649.28571428572,327
215,Holden,Trailblazer,34743.07142857143,328
690,Volkswagen,Transporter,34744.142857142855,329
106,Chery,Omoda5,34744.545454545456,330
373,Mahindra,PIK-UP,34867.142857142855,331
100,BYD,T3,34950.0,332
472,Mercedes-Benz,GLA250,35003.833333333336,333
315,LDV,T60,35009.8125,334
286,Jeep,Compass,35189.41025641026,335
190,Haval,H9,35265.57142857143,336
194,Holden,Acadia,35520.57142857143,337
686,Volkswagen,T-Cross,35557.56862745098,338
613,Skoda,Superb,35712.625,339
694,Volvo,S60,35797.42857142857,340
326,Lexus,GS250,35880.0,341
649,Toyota,C-HR,35897.92857142857,342
146,Ford,Endura,35899.0,343
40,BMW,218I,35911.333333333336,344
45,BMW,230I,35919.0,345
545,Mitsubishi,Pajero,35934.985185185185,346
5,Audi,A4,36050.81081081081,347
469,Mercedes-Benz,GLA180,36249.166666666664,348
594,Renault,Captur,36559.88888888889,349
573,Peugeot,3008,36685.0,350
329,Lexus,IS200T,36738.6,351
660,Toyota,HiAce,36879.134969325154,352
609,Skoda,Octavia,36988.645161290326,353
63,BMW,435I,37375.0,354
0,Abarth,595,37490.0,355
167,GWM,Haval,37520.48717948718,356
11,Audi,Q2,37943.09523809524,357
256,Isuzu,D-MAX,38152.31538461539,358
662,Toyota,Hilux,38190.92558139535,359
606,Skoda,Kamiq,38196.5,360
389,Mazda,BT-50,38204.75,361
309,LDV,D90,38388.9,362
637,Suzuki,S-Cross,38410.555555555555,363
292,Kia,Carnival,38428.942307692305,364
635,Suzuki,Jimny,38512.3125,365
655,Toyota,FJ,38770.36363636364,366
417,Mercedes-Benz,A200,38866.52631578947,367
457,Mercedes-Benz,E55,38970.0,368
522,Mercedes-Benz,Valente,38994.0,369
217,Holden,UTE,39244.18518518518,370
677,Volkswagen,Caravelle,39480.5,371
578,Peugeot,5008,39488.0,372
68,BMW,530D,39500.0,373
530,Mini,Clubman,39516.444444444445,374
701,Volvo,XC90,39568.27777777778,375
562,Nissan,Patrol,39626.90909090909,376
688,Volkswagen,Tiguan,39702.44827586207,377
302,Kia,Seltos,39749.642857142855,378
391,Mazda,CX-30,39836.608695652176,379
336,Lexus,LS460,39888.0,380
548,Nissan,300ZX,39980.0,381
255,Infiniti,Q60,39990.0,382
162,Ford,Ranger,40025.56030150754,383
376,Mahindra,XUV700,40290.0,384
663,Toyota,Kluger,40498.86033519553,385
79,BMW,M135I,40679.0,386
288,Jeep,Grand,40682.769230769234,387
431,Mercedes-Benz,C350,40690.0,388
533,Mini,Countryman,40710.52631578947,389
607,Skoda,Karoq,40792.4,390
436,Mercedes-Benz,CLA250,40831.0,391
485,Mercedes-Benz,GLE250,40934.0,392
667,Toyota,RAV4,41232.01457725948,393
671,Volkswagen,Amarok,41324.21428571428,394
371,MG,ZS EV,41387.0,395
418,Mercedes-Benz,A250,41489.8,396
627,Subaru,WRX,41550.66071428572,397
82,BMW,M235I,41712.0,398
332,Lexus,IS300,41745.0,399
501,Mercedes-Benz,ML400,41950.0,400
7,Audi,A6,42055.153846153844,401
593,Renault,Arkana,42070.17647058824,402
42,BMW,220I,42072.083333333336,403
164,Ford,Transit,42226.434782608696,404
396,Mazda,CX-9,42323.6370967742,405
617,Ssangyong,Musso,42646.07407407407,406
333,Lexus,IS300H,42758.666666666664,407
12,Audi,Q3,43022.98039215686,408
528,Mini,5D,44367.6,409
171,GWM,UTE,44663.90909090909,410
168,GWM,ORA,44770.0,411
29,Audi,TT,44842.555555555555,412
117,Citroen,C5,44853.333333333336,413
328,Lexus,GS450H,44900.0,414
351,Lexus,RC200T,44900.0,415
22,Audi,S3,45237.117647058825,416
556,Nissan,Leaf,45654.5,417
265,Isuzu,MU-X,45696.69491525424,418
699,Volvo,XC60,45771.833333333336,419
109,Chrysler,300,46017.57142857143,420
96,BMW,X6,46053.625,421
93,BMW,X3,46166.32467532468,422
415,Mercedes-Benz,A180,46708.90909090909,423
70,BMW,530I,46742.0,424
92,BMW,X2,46894.11111111111,425
58,BMW,340I,46990.0,426
327,Lexus,GS350,46990.0,427
550,Nissan,370Z,47062.71428571428,428
14,Audi,Q7,47120.395833333336,429
479,Mercedes-Benz,GLC250,47139.57142857143,430
580,Peugeot,Expert,47388.0,431
658,Toyota,GR86,47413.0,432
444,Mercedes-Benz,CLS250,47522.0,433
525,Mercedes-Benz,X250,47629.25,434
362,Lexus,UX200,47704.25,435
212,Holden,Monaro,47742.25,436
279,Jaguar,XE,47768.42857142857,437
515,Mercedes-Benz,SL500,47950.0,438
229,Honda,ZR-V,48500.0,439
80,BMW,M140I,48618.75,440
6,Audi,A5,48858.0,441
453,Mercedes-Benz,E350,49211.0,442
98,BMW,Z4,49444.25,443
608,Skoda,Kodiaq,49574.260869565216,444
99,BYD,Atto,49950.0,445
443,Mercedes-Benz,CLK63,49990.0,446
13,Audi,Q5,50233.97260273973,447
320,Lexus,CT,50445.0,448
83,BMW,M240I,50490.0,449
618,Ssangyong,Rexton,50493.4375,450
297,Kia,Niro,50699.666666666664,451
478,Mercedes-Benz,GLC220,50990.0,452
165,Foton,Aumark,50990.0,453
449,Mercedes-Benz,E220,51145.0,454
241,Hyundai,Ioniq,51236.75,455
60,BMW,420I,51462.0,456
346,Lexus,NX300,51842.545454545456,457
361,Lexus,SC430,51990.0,458
374,Mahindra,Scorpio-N,51990.0,459
334,Lexus,IS350,52049.25,460
170,GWM,Tank,52225.818181818184,461
148,Ford,Everest,52421.69135802469,462
310,LDV,Deliver,52452.8,463
130,FPV,Pursuit,52470.0,464
519,Mercedes-Benz,Sprinter,52882.10526315789,465
325,Lexus,ES350,52900.0,466
420,Mercedes-Benz,A45,53060.22222222222,467
527,Mini,3D,53184.27272727273,468
185,HSV,Maloo,53328.0,469
274,Jaguar,E-Pace,53469.875,470
354,Lexus,RX300,53916.5,471
687,Volkswagen,T-ROC,53962.5625,472
307,Kia,Stinger,54424.95,473
395,Mazda,CX-8,54475.075,474
531,Mini,Convertible,54487.25,475
95,BMW,X5,54656.666666666664,476
356,Lexus,RX350,54982.46666666667,477
62,BMW,430I,55504.6,478
347,Lexus,NX300H,55528.0,479
600,Renault,Master,55590.0,480
291,Jeep,Wrangler,55592.34246575343,481
656,Toyota,Fortuner,55619.77777777778,482
526,Mercedes-Benz,X350,55956.0,483
180,HSV,Colorado,56490.0,484
487,Mercedes-Benz,GLE350,56659.666666666664,485
477,Mercedes-Benz,GLC200,56678.333333333336,486
246,Hyundai,Staria,56690.0,487
352,Lexus,RC350,56955.6,488
430,Mercedes-Benz,C300,57342.913043478264,489
698,Volvo,XC40,57454.142857142855,490
657,Toyota,GR,57544.555555555555,491
454,Mercedes-Benz,E400,57816.666666666664,492
129,FPV,GT,57957.0,493
36,BMW,128TI,58440.0,494
659,Toyota,Granvia,58990.0,495
179,HSV,Clubsport,59557.0,496
678,Volkswagen,Crafter,59576.76470588235,497
503,Mercedes-Benz,ML63,59715.0,498
128,FPV,F6,59950.0,499
413,Mercedes-Benz,560,59999.0,500
689,Volkswagen,Touareg,60372.4,501
682,Volkswagen,Multivan,60656.72727272727,502
508,Mercedes-Benz,S350,60899.5,503
448,Mercedes-Benz,E200,61050.0,504
358,Lexus,RX450H,61359.53846153846,505
324,Lexus,ES300H,61940.0,506
322,Lexus,ES250,62095.555555555555,507
672,Volkswagen,Arteon,62403.72222222222,508
18,Audi,RS3,62622.666666666664,509
419,Mercedes-Benz,A35,62800.0,510
266,Isuzu,NLR,63423.333333333336,511
94,BMW,X4,63454.73684210526,512
121,Cupra,Ateca,63503.333333333336,513
249,Hyundai,Trucks,63655.5,514
26,Audi,SQ5,63974.47368421053,515
124,Cupra,Leon,63990.0,516
160,Ford,Mustang,64165.76470588235,517
521,Mercedes-Benz,V250,64682.5,518
481,Mercedes-Benz,GLC350,64880.0,519
25,Audi,SQ2,66355.0,520
438,Mercedes-Benz,CLA45,66421.0,521
467,Mercedes-Benz,GL63,66490.0,522
23,Audi,S4,66578.5,523
269,Isuzu,NNR,66941.33333333333,524
89,BMW,M6,66990.0,525
186,HSV,Senator,67192.0,526
123,Cupra,Formentor,67240.0,527
56,BMW,330I,67393.0,528
275,Jaguar,F-Pace,67689.41666666667,529
480,Mercedes-Benz,GLC300,67919.33333333333,530
122,Cupra,Born,67990.0,531
24,Audi,S5,68243.33333333333,532
664,Toyota,Landcruiser,68815.63414634146,533
381,Maserati,Quattroporte,69880.0,534
516,Mercedes-Benz,SL55,69950.0,535
283,Jaguar,Xjsc,69990.0,536
345,Lexus,NX250,69990.0,537
517,Mercedes-Benz,SLC,69990.0,538
434,Mercedes-Benz,CLA,70183.33333333333,539
267,Isuzu,NLS,70504.5,540
474,Mercedes-Benz,GLA45,70672.5,541
475,Mercedes-Benz,GLB,70900.0,542
588,Porsche,Macan,70950.13043478261,543
191,Hino,300,71939.33333333333,544
268,Isuzu,NMR,73217.5,545
585,Porsche,Boxster,73701.5,546
272,Iveco,Daily,73744.22222222222,547
489,Mercedes-Benz,GLE43,73990.0,548
357,Lexus,RX350L,74029.33333333333,549
468,Mercedes-Benz,GLA,74092.66666666667,550
319,Land,Rover,74198.95319148936,551
452,Mercedes-Benz,E300,74567.0,552
243,Hyundai,Palisade,74756.21428571429,553
377,Maserati,Ghibli,75254.0,554
494,Mercedes-Benz,GLS350,75530.0,555
393,Mazda,CX-60,77000.0,556
692,Volvo,C40,77660.0,557
482,Mercedes-Benz,GLC43,77808.0,558
85,BMW,M340I,78995.0,559
149,Ford,F250,79900.0,560
582,Polestar,2,79900.0,561
488,Mercedes-Benz,GLE400,79970.0,562
432,Mercedes-Benz,C43,80226.88888888889,563
270,Isuzu,NPR,80363.0,564
349,Lexus,NX350H,80888.25,565
287,Jeep,Gladiator,80902.5,566
476,Mercedes-Benz,GLC,80965.4375,567
175,Genesis,GV70,81829.33333333333,568
473,Mercedes-Benz,GLA35,81860.0,569
81,BMW,M2,82380.66666666667,570
495,Mercedes-Benz,GLS500,83395.0,571
348,Lexus,NX350,83794.75,572
38,BMW,2,83814.5,573
359,Lexus,RX450HL,84340.0,574
172,Genesis,G70,84382.0,575
644,Tesla,Model,85285.4375,576
459,Mercedes-Benz,EQA,85800.0,577
567,Nissan,Z,87922.0,578
71,BMW,730D,89800.0,579
513,Mercedes-Benz,S65,89950.0,580
437,Mercedes-Benz,CLA35,89970.0,581
183,HSV,Grange,89980.0,582
294,Kia,EV6,91555.25,583
173,Genesis,G80,91783.33333333333,584
504,Mercedes-Benz,Marco,93990.0,585
86,BMW,M4,94254.66666666667,586
490,Mercedes-Benz,GLE450,94990.0,587
271,Isuzu,NQR,95686.0,588
668,Toyota,Supra,95772.6,589
182,HSV,GTS,96527.0,590
363,Lotus,Elise,97990.0,591
486,Mercedes-Benz,GLE300,98800.0,592
8,Audi,A7,99140.0,593
87,BMW,M440I,99900.0,594
463,Mercedes-Benz,G350,99900.0,595
350,Lexus,RC,99997.0,596
397,Mazda,CX-90,100365.0,597
676,Volkswagen,California,100990.0,598
104,Caterham,Seven,103941.0,599
456,Mercedes-Benz,E53,104888.0,600
586,Porsche,Cayenne,105331.84848484848,601
282,Jaguar,XKR,105990.0,602
66,BMW,520I,107700.0,603
174,Genesis,GV60,107700.0,604
253,Ineos,Grenadier,109275.0,605
460,Mercedes-Benz,EQB,109800.0,606
77,BMW,I4,109990.0,607
592,Ram,1500,110723.4375,608
15,Audi,Q8,110857.6,609
19,Audi,RS4,112395.0,610
461,Mercedes-Benz,EQC,114800.0,611
276,Jaguar,F-Type,115674.0,612
339,Lexus,LX450D,116990.0,613
314,LDV,Mifa,117990.0,614
342,Lexus,LX570,118259.33333333333,615
84,BMW,M3,118382.44444444444,616
258,Isuzu,FRR,118517.0,617
311,LDV,Edeliver,118836.0,618
433,Mercedes-Benz,C63,119406.42105263157,619
257,Isuzu,FRD,120641.0,620
88,BMW,M5,120804.83333333333,621
97,BMW,X7,120913.5,622
27,Audi,SQ7,121409.5,623
20,Audi,RS5,121950.0,624
181,HSV,Coupe,121990.0,625
176,Genesis,GV80,123247.0,626
447,Mercedes-Benz,CLS53,127344.0,627
69,BMW,530E,127400.0,628
335,Lexus,LC500,129900.0,629
75,BMW,Alpina,130400.0,630
17,Audi,RS,130534.0,631
108,Chevrolet,Silverado,131717.0,632
78,BMW,IX,132892.0,633
484,Mercedes-Benz,GLE,138898.16666666666,634
192,Hino,500,139720.53333333333,635
21,Audi,RS6,139750.0,636
483,Mercedes-Benz,GLC63,140909.16666666666,637
378,Maserati,Grancabrio,144990.0,638
209,Holden,HDT,148880.0,639
360,Lexus,RX500H,148888.0,640
652,Toyota,Coaster,149084.0,641
583,Porsche,718,150737.25,642
520,Mercedes-Benz,V,151898.0,643
259,Isuzu,FSR,154542.0,644
492,Mercedes-Benz,GLE63,154667.25,645
72,BMW,740I,155286.2857142857,646
510,Mercedes-Benz,S450,157032.83333333334,647
101,Bentley,Arnage,159990.0,648
380,Maserati,Levante,163622.66666666666,649
277,Jaguar,I-Pace,164395.0,650
589,Porsche,Panamera,164496.0,651
28,Audi,SQ8,164889.0,652
64,BMW,5,165499.0,653
512,Mercedes-Benz,S63,165900.0,654
379,Maserati,Granturismo,166993.8,655
184,HSV,Gtsr,182167.0,656
341,Lexus,LX500D,187027.0,657
491,Mercedes-Benz,GLE53,192300.0,658
493,Mercedes-Benz,GLS,194800.0,659
262,Isuzu,FVL,195100.0,660
364,Lotus,Evora,196990.0,661
343,Lexus,LX600,199987.0,662
338,Lexus,LS500H,201040.0,663
261,Isuzu,FVD,209383.0,664
260,Isuzu,FTS,210992.0,665
337,Lexus,LS500,212320.0,666
587,Porsche,Cayman,214880.0,667
131,Ferrari,360,219880.0,668
193,Hino,700,226963.0,669
511,Mercedes-Benz,S450L,229800.0,670
263,Isuzu,FYJ,240754.0,671
10,Audi,E-Tron,240872.33333333334,672
90,BMW,M8,244945.0,673
554,Nissan,GT-R,248888.0,674
458,Mercedes-Benz,E63,252888.0,675
2,Aston,Martin,255347.25,676
132,Ferrari,612,259880.0,677
590,Porsche,Taycan,262376.0,678
462,Mercedes-Benz,EQS53,268800.0,679
134,Ferrari,California,279990.0,680
102,Bentley,Continental,282406.85714285716,681
584,Porsche,911,287444.9285714286,682
264,Isuzu,FYX,293131.0,683
74,BMW,8,294900.0,684
421,Mercedes-Benz,AMG,297882.6666666667,685
273,Iveco,Stralis,299585.6666666667,686
406,McLaren,540C,299900.0,687
103,Bentley,Mulsanne,301795.0,688
16,Audi,R8,304600.0,689
107,Chevrolet,Corvette,304950.0,690
135,Ferrari,F430,329900.0,691
603,Rolls-Royce,Ghost,329990.0,692
407,McLaren,570S,341944.0,693
505,Mercedes-Benz,Maybach,352194.0,694
409,McLaren,650S,369880.0,695
464,Mercedes-Benz,G63,429609.3333333333,696
318,Lamborghini,Urus,435000.0,697
408,McLaren,600LT,496000.0,698
410,McLaren,720S,566346.6666666666,699
136,Ferrari,GTC4,579888.0,700
133,Ferrari,812,610000.0,701
317,Lamborghini,Aventador,649880.0,702
